{"trials": {"acc": {"Eyelink": {"Stoll_all": [0.6666666666666666, 0.7291666666666666, 0.8333333333333334, 0.7916666666666666, 0.7083333333333334, 0.625, 0.75], "Stoll2013": [0.7916666666666666, 0.6666666666666666, 0.8541666666666666, 0.7083333333333334, 0.7916666666666666, 0.7083333333333334, 0.6875], "SVM": [0.7083333333333334, 0.8125, 0.8958333333333334, 0.7916666666666666, 0.8125, 0.8541666666666666, 0.7916666666666666], "kNN": [0.625, 0.7708333333333334, 0.875, 0.7708333333333334, 0.8541666666666666, 0.8333333333333334, 0.7291666666666666], "logReg": [0.7531760435571688, 0.8330308529945555, 0.8715277777777778, 0.8356643356643357, 0.8312159709618874, 0.8765432098765432, 0.7874999999999999]}, "EyeSeeCam": {"Stoll_all": [0.6875, 0.7708333333333334, 0.7916666666666666, 0.8125, 0.625, 0.75, 0.875], "Stoll2013": [0.7083333333333334, 0.7916666666666666, 0.8541666666666666, 0.8958333333333334, 0.7291666666666666, 0.75, 0.875], "SVM": [0.7916666666666666, 0.8125, 0.8541666666666666, 0.8958333333333334, 0.75, 0.875, 0.875], "kNN": [0.6458333333333334, 0.8333333333333334, 0.7916666666666666, 0.9166666666666666, 0.6666666666666666, 0.8125, 0.875], "logReg": [0.8377425044091711, 0.9269565217391305, 0.9527972027972028, 0.9482142857142858, 0.8191304347826087, 0.9356521739130436, 0.9038461538461539]}, "EyeTribe": {"Stoll_all": [0.75, 0.8958333333333334, 0.875, 0.8333333333333334, 0.6875, 0.75, 0.7083333333333334], "Stoll2013": [0.625, 0.8125, 0.75, 0.5625, 0.5833333333333334, 0.7291666666666666, 0.6875], "SVM": [0.7083333333333334, 0.875, 0.9583333333333334, 0.7916666666666666, 0.7708333333333334, 0.7083333333333334, 0.7291666666666666], "kNN": [0.6875, 0.8333333333333334, 0.875, 0.7083333333333334, 0.6875, 0.75, 0.7291666666666666], "logReg": [0.7951388888888888, 0.9410714285714286, 0.9565972222222222, 0.8740740740740741, 0.822141560798548, 0.8489583333333334, 0.7971781305114639]}}, "auc": {"Eyelink": {"Stoll_all": [0.7241379310344828, 0.7876588021778584, 0.9097222222222222, 0.8164335664335665, 0.7495462794918331, 0.6807760141093475, 0.7875000000000001], "Stoll2013": [0.822141560798548, 0.6569872958257713, 0.8836805555555556, 0.7727272727272727, 0.8402903811252268, 0.7795414462081127, 0.6321428571428571], "SVM": [0.7205081669691469, 0.8421052631578948, 0.9288194444444444, 0.8653846153846154, 0.8457350272232305, 0.9118165784832452, 0.8392857142857143], "kNN": [0.7277676950998185, 0.8366606170598911, 0.9114583333333334, 0.8653846153846153, 0.8348457350272233, 0.8871252204585538, 0.8330357142857142], "logReg": [0.7531760435571688, 0.8330308529945555, 0.8715277777777778, 0.8356643356643357, 0.8312159709618874, 0.8765432098765432, 0.7874999999999999]}, "EyeSeeCam": {"Stoll_all": [0.7495590828924161, 0.8730434782608696, 0.8531468531468531, 0.8857142857142857, 0.7460869565217391, 0.8400000000000001, 0.879370629370629], "Stoll2013": [0.7971781305114639, 0.8521739130434784, 0.9195804195804196, 0.9464285714285715, 0.8347826086956522, 0.8730434782608696, 0.9195804195804195], "SVM": [0.8447971781305115, 0.9234782608695653, 0.951048951048951, 0.9571428571428572, 0.8052173913043479, 0.9269565217391305, 0.9055944055944056], "kNN": [0.7962962962962963, 0.9226086956521738, 0.9291958041958043, 0.9794642857142858, 0.797391304347826, 0.9026086956521738, 0.916958041958042], "logReg": [0.8377425044091711, 0.9269565217391305, 0.9527972027972028, 0.9482142857142858, 0.8191304347826087, 0.9356521739130436, 0.9038461538461539]}, "EyeTribe": {"Stoll_all": [0.8211805555555555, 0.9714285714285715, 0.9635416666666666, 0.8648148148148148, 0.8094373865698729, 0.828125, 0.7566137566137566], "Stoll2013": [0.717013888888889, 0.8785714285714286, 0.8246527777777778, 0.7296296296296295, 0.6370235934664247, 0.7951388888888888, 0.7689594356261023], "SVM": [0.8263888888888888, 0.95, 0.9652777777777778, 0.8555555555555555, 0.8021778584392015, 0.8246527777777778, 0.783068783068783], "kNN": [0.7682291666666666, 0.9491071428571429, 0.9453125000000001, 0.7712962962962964, 0.8166969147005445, 0.8211805555555555, 0.8015873015873016], "logReg": [0.7951388888888888, 0.9410714285714286, 0.9565972222222222, 0.8740740740740741, 0.822141560798548, 0.8489583333333334, 0.7971781305114639]}}, "params": {"Eyelink": {"Stoll_all": [], "Stoll2013": [], "SVM": [{"C": 1, "gamma": 0.001}, {"C": 1, "gamma": 0.001}, {"C": 1, "gamma": 0.001}, {"C": 1, "gamma": 0.001}, {"C": 1, "gamma": 0.001}, {"C": 1, "gamma": 0.001}, {"C": 1, "gamma": 0.001}], "kNN": [{"n_neighbors": 10}, {"n_neighbors": 20}, {"n_neighbors": 10}, {"n_neighbors": 20}, {"n_neighbors": 10}, {"n_neighbors": 30}, {"n_neighbors": 50}], "logReg": [{"C": [0.000774263682681127]}, {"C": [0.000774263682681127]}, {"C": [0.005994842503189409]}, {"C": [0.005994842503189409]}, {"C": [0.000774263682681127]}, {"C": [0.0001]}, {"C": [0.000774263682681127]}]}, "EyeSeeCam": {"Stoll_all": [], "Stoll2013": [], "SVM": [{"C": 10, "gamma": 0.0001}, {"C": 10, "gamma": 0.0001}, {"C": 10, "gamma": 0.0001}, {"C": 10, "gamma": 0.0001}, {"C": 1, "gamma": 0.001}, {"C": 10, "gamma": 0.0001}, {"C": 10, "gamma": 0.0001}], "kNN": [{"n_neighbors": 30}, {"n_neighbors": 20}, {"n_neighbors": 20}, {"n_neighbors": 50}, {"n_neighbors": 50}, {"n_neighbors": 50}, {"n_neighbors": 30}], "logReg": [{"C": [0.005994842503189409]}, {"C": [0.005994842503189409]}, {"C": [0.005994842503189409]}, {"C": [0.000774263682681127]}, {"C": [0.005994842503189409]}, {"C": [0.005994842503189409]}, {"C": [0.005994842503189409]}]}, "EyeTribe": {"Stoll_all": [], "Stoll2013": [], "SVM": [{"C": 1, "gamma": 0.001}, {"C": 1, "gamma": 0.001}, {"C": 1, "gamma": 0.0001}, {"C": 1, "gamma": 0.001}, {"C": 1, "gamma": 0.001}, {"C": 10, "gamma": 0.0001}, {"C": 10, "gamma": 0.0001}], "kNN": [{"n_neighbors": 60}, {"n_neighbors": 30}, {"n_neighbors": 100}, {"n_neighbors": 10}, {"n_neighbors": 20}, {"n_neighbors": 40}, {"n_neighbors": 90}], "logReg": [{"C": [0.000774263682681127]}, {"C": [0.000774263682681127]}, {"C": [0.000774263682681127]}, {"C": [0.000774263682681127]}, {"C": [0.000774263682681127]}, {"C": [0.000774263682681127]}, {"C": [0.005994842503189409]}]}}}, "intervals": {"acc": {"Eyelink": {"SVM": [0.7291666666666666, 0.6770833333333334, 0.7291666666666666, 0.625, 0.71875, 0.75, 0.7291666666666666], "kNN": [0.7083333333333334, 0.6875, 0.6875, 0.6354166666666666, 0.7083333333333334, 0.71875, 0.7291666666666666], "logReg": [0.7858093126385809, 0.7155883630047765, 0.7727073277753401, 0.7324478178368121, 0.7954841511072513, 0.7336551118911804, 0.766391663048198]}, "EyeSeeCam": {"SVM": [0.7604166666666666, 0.6979166666666666, 0.8541666666666666, 0.75, 0.6979166666666666, 0.7395833333333334, 0.7291666666666666], "kNN": [0.7604166666666666, 0.6875, 0.8229166666666666, 0.7291666666666666, 0.6770833333333334, 0.7395833333333334, 0.7291666666666666], "logReg": [0.8623093681917211, 0.7508741258741259, 0.9128856624319419, 0.8070175438596492, 0.8434744268077602, 0.7930283224400871, 0.8021786492374728]}, "EyeTribe": {"SVM": [0.6666666666666666, 0.6458333333333334, 0.7291666666666666, 0.8229166666666666, 0.7083333333333334, 0.6979166666666666, 0.7604166666666666], "kNN": [0.6354166666666666, 0.6875, 0.7395833333333334, 0.7916666666666666, 0.6979166666666666, 0.7083333333333334, 0.7604166666666666], "logReg": [0.6831597222222222, 0.74, 0.8191721132897603, 0.8401282638570775, 0.8230936819172113, 0.7889425186485302, 0.8]}}, "auc": {"Eyelink": {"SVM": [0.7889135254988914, 0.7340425531914894, 0.7599824484422992, 0.7296015180265655, 0.7733391228831958, 0.7406757349714786, 0.7794181502388189], "kNN": [0.797560975609756, 0.7442466348241424, 0.7408951294427379, 0.7089658444022771, 0.7731220147633522, 0.7459412022817025, 0.7846287451150672], "logReg": [0.7858093126385809, 0.7155883630047765, 0.7727073277753401, 0.7324478178368121, 0.7954841511072513, 0.7336551118911804, 0.766391663048198]}, "EyeSeeCam": {"SVM": [0.8651416122004357, 0.7504370629370629, 0.9078947368421053, 0.8137651821862348, 0.8527336860670195, 0.7928104575163398, 0.8008714596949891],