{"trials": {"acc": {"Eyelink": {"Stoll_all": [0.6666666666666666, 0.7291666666666666, 0.8333333333333334, 0.7916666666666666, 0.7083333333333334, 0.625, 0.75], "Stoll2013": [0.7916666666666666, 0.6666666666666666, 0.8541666666666666, 0.7083333333333334, 0.7916666666666666, 0.7083333333333334, 0.6875], "SVM": [0.6875, 0.8125, 0.875, 0.7916666666666666, 0.7916666666666666, 0.8541666666666666, 0.8125], "kNN": [0.625, 0.7708333333333334, 0.875, 0.7708333333333334, 0.8541666666666666, 0.8333333333333334, 0.7291666666666666], "logReg": [0.7568058076225046, 0.8221415607985482, 0.8767361111111112, 0.8269230769230769, 0.8384754990925589, 0.888888888888889, 0.7874999999999999]}, "EyeSeeCam": {"Stoll_all": [0.6875, 0.7708333333333334, 0.7916666666666666, 0.8125, 0.625, 0.75, 0.875], "Stoll2013": [0.7083333333333334, 0.7916666666666666, 0.8541666666666666, 0.8958333333333334, 0.7291666666666666, 0.75, 0.875], "SVM": [0.75, 0.8541666666666666, 0.8333333333333334, 0.9166666666666666, 0.75, 0.875, 0.875], "kNN": [0.6458333333333334, 0.8333333333333334, 0.7916666666666666, 0.9166666666666666, 0.6666666666666666, 0.8125, 0.8541666666666666], "logReg": [0.8377425044091711, 0.9304347826086956, 0.9493006993006993, 0.9500000000000001, 0.808695652173913, 0.9304347826086956, 0.8986013986013986]}, "EyeTribe": {"Stoll_all": [0.75, 0.8958333333333334, 0.875, 0.8333333333333334, 0.6875, 0.75, 0.7083333333333334], "Stoll2013": [0.625, 0.8125, 0.75, 0.5625, 0.5833333333333334, 0.7291666666666666, 0.6875], "SVM": [0.7291666666666666, 0.8958333333333334, 0.9166666666666666, 0.7916666666666666, 0.7291666666666666, 0.75, 0.75], "kNN": [0.6875, 0.8333333333333334, 0.9166666666666666, 0.7083333333333334, 0.6875, 0.75, 0.75], "logReg": [0.8090277777777777, 0.9357142857142857, 0.9496527777777778, 0.8777777777777778, 0.8294010889292196, 0.8420138888888891, 0.7971781305114638]}}, "auc": {"Eyelink": {"Stoll_all": [0.7241379310344828, 0.7876588021778584, 0.9114583333333334, 0.8164335664335665, 0.7495462794918331, 0.6807760141093475, 0.7875000000000001], "Stoll2013": [0.8239564428312159, 0.6533575317604355, 0.8836805555555556, 0.7744755244755245, 0.8402903811252268, 0.7795414462081127, 0.6321428571428571], "SVM": [0.7259528130671506, 0.8566243194192378, 0.9253472222222223, 0.8776223776223776, 0.8384754990925589, 0.9153439153439153, 0.8446428571428571], "kNN": [0.7268602540834845, 0.8339382940108893, 0.912326388888889, 0.8636363636363636, 0.8257713248638838, 0.8853615520282186, 0.8357142857142857], "logReg": [0.7568058076225046, 0.8221415607985482, 0.8767361111111112, 0.8269230769230769, 0.8384754990925589, 0.888888888888889, 0.7874999999999999]}, "EyeSeeCam": {"Stoll_all": [0.7495590828924161, 0.8730434782608696, 0.8531468531468531, 0.8839285714285714, 0.7478260869565216, 0.8400000000000001, 0.8776223776223774], "Stoll2013": [0.7954144620811286, 0.8521739130434784, 0.9195804195804196, 0.9464285714285715, 0.8365217391304347, 0.8730434782608696, 0.9195804195804195], "SVM": [0.8377425044091711, 0.9234782608695653, 0.9335664335664335, 0.9696428571428571, 0.7965217391304348, 0.942608695652174, 0.9055944055944056], "kNN": [0.800705467372134, 0.92, 0.9318181818181819, 0.9785714285714286, 0.8026086956521739, 0.9043478260869564, 0.9213286713286714], "logReg": [0.8377425044091711, 0.9304347826086956, 0.9493006993006993, 0.9500000000000001, 0.808695652173913, 0.9304347826086956, 0.8986013986013986]}, "EyeTribe": {"Stoll_all": [0.8211805555555555, 0.9714285714285715, 0.9635416666666666, 0.8648148148148148, 0.8076225045372051, 0.828125, 0.7566137566137566], "Stoll2013": [0.717013888888889, 0.8785714285714286, 0.8246527777777778, 0.7314814814814814, 0.6333938294010889, 0.7951388888888888, 0.7689594356261023], "SVM": [0.8159722222222223, 0.9535714285714285, 0.9340277777777778, 0.8425925925925926, 0.7931034482758621, 0.8350694444444444, 0.818342151675485], "kNN": [0.7968749999999999, 0.9500000000000001, 0.9461805555555556, 0.7722222222222221, 0.8121597096188748, 0.8177083333333334, 0.8033509700176367], "logReg": [0.8090277777777777, 0.9357142857142857, 0.9496527777777778, 0.8777777777777778, 0.8294010889292196, 0.8420138888888891, 0.7971781305114638]}}, "params": {"Eyelink": {"Stoll_all": [], "Stoll2013": [], "SVM": [{"C": 1, "gamma": 0.0001}, {"C": 1, "gamma": 0.0001}, {"C": 1, "gamma": 0.0001}, {"C": 1, "gamma": 0.0001}, {"C": 1, "gamma": 0.0001}, {"C": 1, "gamma": 0.0001}, {"C": 1, "gamma": 0.0001}], "kNN": [{"n_neighbors": 10}, {"n_neighbors": 20}, {"n_neighbors": 10}, {"n_neighbors": 20}, {"n_neighbors": 10}, {"n_neighbors": 30}, {"n_neighbors": 50}], "logReg": [{"C": [0.0001]}, {"C": [0.0001]}, {"C": [0.0001]}, {"C": [0.000774263682681127]}, {"C": [0.0001]}, {"C": [0.0001]}, {"C": [0.0001]}]}, "EyeSeeCam": {"Stoll_all": [], "Stoll2013": [], "SVM": [{"C": 1, "gamma": 0.0001}, {"C": 1, "gamma": 0.0001}, {"C": 1, "gamma": 0.0001}, {"C": 1, "gamma": 0.0001}, {"C": 1, "gamma": 0.0001}, {"C": 1, "gamma": 0.0001}, {"C": 1, "gamma": 0.0001}], "kNN": [{"n_neighbors": 30}, {"n_neighbors": 20}, {"n_neighbors": 20}, {"n_neighbors": 50}, {"n_neighbors": 50}, {"n_neighbors": 50}, {"n_neighbors": 50}], "logReg": [{"C": [0.000774263682681127]}, {"C": [0.0001]}, {"C": [0.0001]}, {"C": [0.0001]}, {"C": [0.000774263682681127]}, {"C": [0.0001]}, {"C": [0.000774263682681127]}]}, "EyeTribe": {"Stoll_all": [], "Stoll2013": [], "SVM": [{"C": 1, "gamma": 0.0001}, {"C": 1, "gamma": 0.0001}, {"C": 1, "gamma": 0.0001}, {"C": 1, "gamma": 0.0001}, {"C": 1, "gamma": 0.0001}, {"C": 1, "gamma": 0.0001}, {"C": 1, "gamma": 0.0001}], "kNN": [{"n_neighbors": 40}, {"n_neighbors": 30}, {"n_neighbors": 90}, {"n_neighbors": 10}, {"n_neighbors": 30}, {"n_neighbors": 40}, {"n_neighbors": 90}], "logReg": [{"C": [0.0001]}, {"C": [0.0001]}, {"C": [0.0001]}, {"C": [0.0001]}, {"C": [0.0001]}, {"C": [0.0001]}, {"C": [0.0001]}]}}}, "intervals": {"acc": {"Eyelink": {"SVM": [0.7291666666666666, 0.6979166666666666, 0.7083333333333334, 0.625, 0.71875, 0.75, 0.7395833333333334], "kNN": [0.71875, 0.6875, 0.6875, 0.625, 0.7083333333333334, 0.71875, 0.7291666666666666], "logReg": [0.7804878048780487, 0.7129830655666523, 0.7744624835454146, 0.7376660341555977, 0.7885366912722536, 0.7367266344888108, 0.7537993920972644]}, "EyeSeeCam": {"SVM": [0.7708333333333334, 0.7083333333333334, 0.8333333333333334, 0.7395833333333334, 0.7083333333333334, 0.7395833333333334, 0.7291666666666666], "kNN": [0.75, 0.6770833333333334, 0.8229166666666666, 0.7291666666666666, 0.6875, 0.7395833333333334, 0.7291666666666666], "logReg": [0.8562091503267975, 0.7517482517482517, 0.9147005444646098, 0.8034188034188033, 0.8421516754850089, 0.7908496732026143, 0.8013071895424837]}, "EyeTribe": {"SVM": [0.6666666666666666, 0.6666666666666666, 0.75, 0.8229166666666666, 0.7083333333333334, 0.75, 0.7708333333333334], "kNN": [0.6770833333333334, 0.6770833333333334, 0.7604166666666666, 0.8125, 0.6979166666666666, 0.6979166666666666, 0.7604166666666666], "logReg": [0.6914062500000001, 0.7395652173913042, 0.8217864923747277, 0.8442510306917086, 0.8326797385620915, 0.7871873628784555, 0.7973214285714285]}}, "auc": {"Eyelink": {"SVM": [0.780931263858093, 0.7681285280069474, 0.7463799912242212, 0.7167931688804554, 0.7655232305688233, 0.7674418604651163, 0.7941815023881893], "kNN": [0.8002217294900221, 0.7457663916630483, 0.744186046511628, 0.7084914611005692, 0.7713851498046026, 0.7389205792014042, 0.7870169344333477], "logReg": [0.7804878048780487, 0.7129830655666523, 0.7744624835454146, 0.7376660341555977, 0.7885366912722536, 0.7367266344888108, 0.7537993920972644]}, "EyeSeeCam": {"SVM": [0.8514161220043572, 0.7495629370629371, 0.9169691470054446, 0.818263607737292, 0.8002645502645503, 0.7978213507625272, 0.7803921568627451], "kNN": [0.8450980392156863, 0.7427884615384615, 0.8924682395644282, 0.8250112460638777, 0.8095238095238094, 0.7808278867102396, 0.7986928104575164],